asv_id_alias	asv_sequence	scientificName	taxonRank	kingdom	phylum	class	order	family	genus	specificEpithet	infraspecificEpithet	otu	annotation_confidence	date_identified	reference_db	annotation_algorithm	identification_references	taxon_remarks	arc_eval	mito_eval	euk_eval	bac_eval	eval_method
919a2aa9d306e4cf3fa9ca02a2aa5730	TCGAGAATTTTTCACAATGGGGGAAACCCTGATGGAGCGACGCCGCGTGGAGGATGAAGGTTTTCGGATTGTAAACTCCTGTCATTAGAGAACAAGGCACATGGTTTAACTGGCCGTGTGTTGATAGTATCTGAAGAGGAAGGGACGGCTAACTCTGTGCCAGCAGCCGCGGTAATACAGAGGTCTCAAGCGTTGTTCGGATTCATTGGGCGTAAAGGGTGCGTAGGTGGCGAGGTAAGTCGGATGTGAAATCTCCAAGCTCAACTTGGAAACTGCATTCGATACTGCTTTGCTAGAGGATTGTAGAGGGCATTGGAATTCACGGTGTAGCAGTGAAATGCGTAGATATCGTGAGGAAGACCAGTGGCGAAGGCGAATGCCTGGGCAATTCCTGACACTGAGGCACGAAGGCCAGGGGAGCAAACG	JACTMZ01 sp018402585	species	Bacteria	Verrucomicrobiota	Verrucomicrobiae	Chthoniobacterales	JACTMZ01	JACTMZ01	sp018402585	""	""	0.95	2023-06-27	SBDI-GTDB-R07-RS207-1 (https://scilifelab.figshare.com/articles/dataset/SBDI_Sativa_curated_16S_GTDB_database/14869077/4)	Ampliseq v2.5.0 (https://nf-co.re/ampliseq) DADA2:assignTaxonomy	https://docs.biodiversitydata.se/analyse-data/molecular-tools/#taxonomy-annotation	Domain = 'Bacteria'	4.3e-43			3.2e-97	barrnap:0.9
1ead98754d34073a4606f7ff1e94126e	TGGGGAATTTTCCGCAATGGGCGCAAGCCTGACGGAGCAACGCCGCGTGAGGGATGAAGGCCTCTGGGCTGTAAACCTCTTTTATCAAGGAAGAAGATCTGACGGTACTTGATGAATAAGCCACGGCTAATTCCGTGCCAGCAGCCGCGGTAATACGGGAGTGGCAAGCGTTATCCGGAATTATTGGGCGTAAAGCGTCCGCAGGCGGTTTTACAAGTCTGTCGTTAAAACGTGGAGCTCAACTCCATTTCGGCGATGGAAACTGTAAGACTAGAGTGTGGTAGGGGCAGAGGGAATTCCCGGTGTAGCGGTGAAATGCGTAGATATCGGGAAGAACACCAGTGGCGAAGGCGCTCTGCTGGGCCATAACTGACGCTCATGGACGAAAGCTAGGGGAGCGAAAG	Cyanobiaceae	family	Bacteria	Cyanobacteria	Cyanobacteriia	PCC-6307	Cyanobiaceae	""	""	""	""	1	2023-06-27	SBDI-GTDB-R07-RS207-1 (https://scilifelab.figshare.com/articles/dataset/SBDI_Sativa_curated_16S_GTDB_database/14869077/4)	Ampliseq v2.5.0 (https://nf-co.re/ampliseq) DADA2:assignTaxonomy	https://docs.biodiversitydata.se/analyse-data/molecular-tools/#taxonomy-annotation	Domain = 'Bacteria'	2.1e-51			7.9e-100	barrnap:0.9
43e088977eba5732bfa45e20b1d8cdd2	TCGAGAATTTTTCACAATGGGGGAAACCCTGATGGAGCGACGCCGCGTGGAGGATGAAGGTTTTCGGATCGTAAACTCCTGTCATTAGAGAACAAGGCACACGGTTTAACTGGCTGTGTGTTGATAGTATCTGAAGAGGAAGGGACGGCTAACTCTGTGCCAGCAGCCGCGGTAATACAGAGGTCTCAAGCGTTGTTCGGATTCATTGGGCGTAAAGGGTGCGTAGGTGGCGAGGTAAGTCGGATGTGAAATCTCCAAGCTCAACTTGGAAACTGCATTCGATACTGCTTTGCTAGAGGATTGTAGAGGGCATTGGAATTCACGGTGTAGCAGTGAAATGCGTAGATATCGTGAGGAAGACCAGTGGCGAAGGCGAATGCCTGGGCAATTCCTGACACTGAGGCACGAAGGCCAGGGGAGCAAACG	JACTMZ01 sp018402585	species	Bacteria	Verrucomicrobiota	Verrucomicrobiae	Chthoniobacterales	JACTMZ01	JACTMZ01	sp018402585	""	""	0.86	2023-06-27	SBDI-GTDB-R07-RS207-1 (https://scilifelab.figshare.com/articles/dataset/SBDI_Sativa_curated_16S_GTDB_database/14869077/4)	Ampliseq v2.5.0 (https://nf-co.re/ampliseq) DADA2:assignTaxonomy	https://docs.biodiversitydata.se/analyse-data/molecular-tools/#taxonomy-annotation	Domain = 'Bacteria'	4e-43			4.7e-97	barrnap:0.9
1b2c41577c16f4c672a2a861e6b89b14	TAGGGAATATTGGGCAATGGGCGAAAGCCTGACCCAGCGACGCCGCGTGAGGGATGAAGGTCTTCGGATTGTAAACCTCTTTCAGTAGGGAAGAAGCGAAAGTGACGGTACCTAAAGAAGAAGCACCGGCTAACTATGTGCCAGCAGCCGCGGTAATACATAGGGTGCAAGCGTTGTCCGGAATTATTGGGCGTAAAGAGCTCGTAGGTCGTTTGTCGCGTCGATTGTGAAAATCTGAGGCTCAACCTCAGACCTGCAGTCGATACGGGCAAACTAGAGTGTGGTAGGGGAGACTGGAATTCCTGGTGTAGCGGTGGAATGCGCAGATATCAGGAGGAACACCAATGGCGAAGGCAGGTCTCTGGGCCATAACTGACACTGAGGAGCGAAAGTGCGGGGAGCGAACA	MAG-120802 sp003569145	species	Bacteria	Actinobacteriota	Actinomycetia	Nanopelagicales	Nanopelagicaceae	MAG-120802	sp003569145	""	""	0.87	2023-06-27	SBDI-GTDB-R07-RS207-1 (https://scilifelab.figshare.com/articles/dataset/SBDI_Sativa_curated_16S_GTDB_database/14869077/4)	Ampliseq v2.5.0 (https://nf-co.re/ampliseq) DADA2:assignTaxonomy:addSpecies	https://docs.biodiversitydata.se/analyse-data/molecular-tools/#taxonomy-annotation	Domain = 'Bacteria'	1.6e-39			7.1e-101	barrnap:0.9
40b37890b1b1fcdf0ece91f1da34c1ca	TGGGGAATTTTCCGCAATGGGCGCAAGCCTGACGGAGCAACGCCGCGTGAGGGATGAAGGCCTCTGGGCTGTAAACCTCTTTTATCAAGGAAGAAGATCTGACGGTACTTGATGAATAAGCCACGGCTAATTCCGTGCCAGCAGCCGCGGTAATACGGGAGTGGCAAGCGTTATCCGGAATTATTGGGCGTAAAGCGTCCGCAGGCGGTCTTGAAAGTCTGTTGTTAAAGCGTGGAGCTCAACTCCATTTCAGCAATGGAAACTAGAAGACTAGAGTGTGGTAGGGGCAGAGGGAATTCCCGGTGTAGCGGTGAAATGCGTAGATATCGGGAAGAACACCAGTGGCGAAGGCGCTCTGCTGGGCCATAACTGACGCTCATGGACGAAAGCCAGGGGAGCGAAAG	Cyanobium_A sp015840335	species	Bacteria	Cyanobacteria	Cyanobacteriia	PCC-6307	Cyanobiaceae	Cyanobium_A	sp015840335	""	""	0.96	2023-06-27	SBDI-GTDB-R07-RS207-1 (https://scilifelab.figshare.com/articles/dataset/SBDI_Sativa_curated_16S_GTDB_database/14869077/4)	Ampliseq v2.5.0 (https://nf-co.re/ampliseq) DADA2:assignTaxonomy:addSpecies	https://docs.biodiversitydata.se/analyse-data/molecular-tools/#taxonomy-annotation	Domain = 'Bacteria'	8.4e-51			5.9e-99	barrnap:0.9
ae71bf7c99d3583a2d8841e5911c5716	TGGGGAATATTGGGCAATGGAGGAAACTCTGACCCAGCGACGCCGCGTGCGGGATGAAGGCCTTCGGGTTGTAAACCGCTTTCAGTAGGGAAGAAGCGAAAGTGACGGTACCTACAAAAGAAGCACCGGCTAACTATGTGCCAGCAGCCGCGGTAATACATAGGGTGCAAGCGTTGTCCGGAATTATTGGGCGTAAAGAGCTCGTAGGTCGTTTGTTACGTCGGATGTGAAAACCTGAGGCTCAACCTCAGGCCTGCATTCGATACGGGCAAACTAGAGTTTGGTAGGGGAGACTGGAATTCCTGGTGTAGCGGTGGAATGCGCAGATATCAGGAGGAACACCAATGGCGAAGGCAGGTCTCTGGGCCAATACTGACACTGAGGAGCGAAAGTCTGGGGAGCGAACA	Nanopelagicus	genus	Bacteria	Actinobacteriota	Actinomycetia	Nanopelagicales	Nanopelagicaceae	Nanopelagicus	""	""	""	1	2023-06-27	SBDI-GTDB-R07-RS207-1 (https://scilifelab.figshare.com/articles/dataset/SBDI_Sativa_curated_16S_GTDB_database/14869077/4)	Ampliseq v2.5.0 (https://nf-co.re/ampliseq) DADA2:assignTaxonomy	https://docs.biodiversitydata.se/analyse-data/molecular-tools/#taxonomy-annotation	Domain = 'Bacteria'	2.4e-40			9e-101	barrnap:0.9
887bc7033b46d960e893caceb711700b	TGGGGAATCTTGCGCAATGGGCGAAAGCCTGACGCAGCAACGCCGCGTGCGGGAAGAAGGCTTTCGGGCTGTAAACCGCTTTCAGCAGGAACGAAAATGACGGTACCTGCAGAAGAAGGAGCGGCCAACTATGTGCCAGCAGCCGCGGTGATACATAGGCTTCAAGCGTTGTCCGGATTTATTGGGCGTAAAGAGTTCGTAGGCGGTCGAGTAAGTCGGGTGTGAAAATTCTGGGCTCAACCCAGAGACGCCACCCGATACTGCTTAACTTGAGTTCGATAGGGGAGTGGGGAATTCCTAGTGTAGCGGTGAAATGCGCAGATATTAGGAGGAACACCGGTGGCGAAGGCGCCACTCTGGATCGACACTGACGCTGAGGAACGAAAGCATGGGTAGCAAACA	BACL27 sp014190055	species	Bacteria	Actinobacteriota	Acidimicrobiia	Acidimicrobiales	Ilumatobacteraceae	BACL27	sp014190055	""	""	0.99	2023-06-27	SBDI-GTDB-R07-RS207-1 (https://scilifelab.figshare.com/articles/dataset/SBDI_Sativa_curated_16S_GTDB_database/14869077/4)	Ampliseq v2.5.0 (https://nf-co.re/ampliseq) DADA2:assignTaxonomy:addSpecies	https://docs.biodiversitydata.se/analyse-data/molecular-tools/#taxonomy-annotation	Domain = 'Bacteria'	1.7e-47			4.2e-98	barrnap:0.9
88b5b5240649749ca876d10823045b01	TGGGGAATCTTGCGCAATGGGCGAAAGCCTGACGCAGCAACGCCGCGTGCGGGATGAAGGCCTTCGGGCTGTAAACCGCTTTCAGCAGGAACGAAAATGACGGTACCTGCAGAAGAAGGAGCGGCCAACTACGTGCCAGCAGCCGCGGTGACACGTAGGCTCCAAGCGTTGTCCGGATTTATTGGGCGTAAAGAGCTCGTAGGCGGTTGAGTAAGTCGGGTGTGAAAACTCTGGGCTTAACCCGGAGACGCCATCCGATACTGCTCTGACTAGAGTTCAGGAGGGGAGTGGGGAATTCCTAGTGTAGCGGTGAAATGCGCAGATATTAGGAGGAACACCGGTGGCGAAGGCGCCACTCTGGACTGAAACTGACGCTGAGGAGCGAAAGCATGGGTAGCAAACA	UBA3006 sp002367695	species	Bacteria	Actinobacteriota	Acidimicrobiia	Acidimicrobiales	Ilumatobacteraceae	UBA3006	sp002367695	""	""	0.93	2023-06-27	SBDI-GTDB-R07-RS207-1 (https://scilifelab.figshare.com/articles/dataset/SBDI_Sativa_curated_16S_GTDB_database/14869077/4)	Ampliseq v2.5.0 (https://nf-co.re/ampliseq) DADA2:assignTaxonomy	https://docs.biodiversitydata.se/analyse-data/molecular-tools/#taxonomy-annotation	Domain = 'Bacteria'	1.9e-45			2.3e-97	barrnap:0.9
95efad17b5fb6b91274a6ef3c47a098a	TGGGGAATTTTCCGCAATGGGCGCAAGCCTGACGGAGCAACGCCGCGTGAGGGATGAAGGCCTCTGGGCTGTAAACCTCTTTTATCAAGGAAGAAGATCTGACGGTACTTGATGAATAAGCCACGGCTAATTCCGTGCCAGCAGCCGCGGTAATACGGGAGTGGCAAGCGTTATCCGGAATTATTGGGCGTAAAGCGTCCGCAGGCGGTTTTACAAGTCTGTCGTTAAAACGTGGAGCTCAACTCCATTTCGGCGATGGAAACTGTAAGACTAGAGTGTGGTAGGGGCAGAGGGAATTCCCGGTGTAGCGGTGAAATGCGTAGATATCGGGAAGAACACCAGTGGCGAAGGCGCTCTGCTGGGCCATAACTGACGCTCATGGACGAAAGCCAGGGGAGCGAAAG	Cyanobiaceae	family	Bacteria	Cyanobacteria	Cyanobacteriia	PCC-6307	Cyanobiaceae	""	""	""	""	1	2023-06-27	SBDI-GTDB-R07-RS207-1 (https://scilifelab.figshare.com/articles/dataset/SBDI_Sativa_curated_16S_GTDB_database/14869077/4)	Ampliseq v2.5.0 (https://nf-co.re/ampliseq) DADA2:assignTaxonomy	https://docs.biodiversitydata.se/analyse-data/molecular-tools/#taxonomy-annotation	Domain = 'Bacteria'	2.7e-51			1.3e-99	barrnap:0.9
c366064866eaed18a54d15640272ab34	TGGGGAATATTGGGCAATGGAGGAAACTCTGACCCAGCGACGCCGCGTGCGGGATGAAGGCCTTCGGGTTGTAAACCGCTTTCAGCAGGGAAGAAGCGAAAGTGACGGTACCTGCAGAAGAAGCACCGGCTAACTATGTGCCAGCAGCCGCGGTAATACATAGGGTGCAAGCGTTGTCCGGAATTATTGGGCGTAAAGAGCTCGTAGGTGGTTCGTCACGTCGGATGTGAAACTCTGGGGCTTAACCCCAGACCTGCATTCGATACGGGCGAGCTTGAGTATGGTAGGGGAGTCTGGAATTCCTGGTGTAGCGGTGGAATGCGCAGATATCAGGAGGAACACCAATGGCGAAGGCAGGACTCTGGGCCATTACTGACACTGAGGAGCGAAAGCGTGGGGAGCGAACA	Planktophila sp015660815	species	Bacteria	Actinobacteriota	Actinomycetia	Nanopelagicales	Nanopelagicaceae	Planktophila	sp015660815	""	""	0.77	2023-06-27	SBDI-GTDB-R07-RS207-1 (https://scilifelab.figshare.com/articles/dataset/SBDI_Sativa_curated_16S_GTDB_database/14869077/4)	Ampliseq v2.5.0 (https://nf-co.re/ampliseq) DADA2:assignTaxonomy	https://docs.biodiversitydata.se/analyse-data/molecular-tools/#taxonomy-annotation	Domain = 'Bacteria'	4.5e-40			6.2e-101	barrnap:0.9
7ff490fff9504446139943d9c4f1be4a	TGGGGAATCTTGCGCAATGGGCGAAAGCCTGACGCAGCAACGCCGCGTGCGGGATGAAGGCCTTCGGGTTGTAAACCGCTTTCAGCAGGAACGAAAATGACGGTACCTGCAGAAGAAGGAGCGGCCAACTACGTGCCAGCAGCCGCGGTGACACGTAGGCTCCAAGCGTTGTCCGGATTTATTGGGCGTAAAGAGCTCGTAGGCGGTTTAGTAAGTCGGGTGTTAAAACTCTGGGCTCAACCCGGAGACGCCATCCGATACTACTATGACTTGAGTTCAGGAGGGGAGCGGGGAATTCCTAGTGTAGCGGTGAAATGCGCAGATATTAGGAGGAACACCGGTGGCGAAGGCGCCGCTCTGGACTGAAACTGACGCTGAGGAGCGAAAGCATGGGTAGCAAACA	UBA3006 sp002367695	species	Bacteria	Actinobacteriota	Acidimicrobiia	Acidimicrobiales	Ilumatobacteraceae	UBA3006	sp002367695	""	""	1	2023-06-27	SBDI-GTDB-R07-RS207-1 (https://scilifelab.figshare.com/articles/dataset/SBDI_Sativa_curated_16S_GTDB_database/14869077/4)	Ampliseq v2.5.0 (https://nf-co.re/ampliseq) DADA2:assignTaxonomy:addSpecies	https://docs.biodiversitydata.se/analyse-data/molecular-tools/#taxonomy-annotation	Domain = 'Bacteria'	3.2e-45			3.9e-98	barrnap:0.9
96ff11f3fbe3bfe47f11753d3615eff9	TAAGGAATATTGGGCAATGGACGCAAGTCTGACCCAGCCATCCCGCGTGCAGGACGAATGCCCTATGGGTTGTAAACTGCTTTTGTTTGGGAAGAAATGTATTCTTTTAAGAGTATTTGACGGTACCAGACGAATAAGCACCGGCTAACTCCGTGCCAGCAGCCGCGGTAATACGGAGGGTGCAAGCGTTATCCGGAATCACTGGGTTTAAAGGGTGCGTAGGCGGCCAGATAAGTCAGAGGTGAAAGTTTCCGGCTCAACCGGGAGATTGCCTTTGATACTGTTTGGCTTGAATCAGATTGAGGTTGGCGGAATGTGACATGTAGCGGTGAAATGCATAGATATGTCATAGAACATCGATTGCGAAGGCAGCTGGCTGGATCTGTATTGACGCTGAGGCACGAAAGCGTGGGGAGCAAACA	Saprospiraceae	family	Bacteria	Bacteroidota	Bacteroidia	Chitinophagales	Saprospiraceae	""	""	""	""	0.99	2023-06-27	SBDI-GTDB-R07-RS207-1 (https://scilifelab.figshare.com/articles/dataset/SBDI_Sativa_curated_16S_GTDB_database/14869077/4)	Ampliseq v2.5.0 (https://nf-co.re/ampliseq) DADA2:assignTaxonomy	https://docs.biodiversitydata.se/analyse-data/molecular-tools/#taxonomy-annotation	Domain = 'Bacteria'	1.5e-40			3.1e-96	barrnap:0.9
60c5874530fb102c40f246e7b59cad1b	TAGGGAATCTTAGACAATGGGGGCAACCCTGATCTAGCCATGCCGCGTGTGTGATGAAGGCCCTAGGGTCGTAAAGCACTTTCGCCAGAGATGATAATGACAGTATCTGGTAAAGAAACCCCGGCTAACTCCGTGCCAGCAGCCGCGGTAATACGGAGGGGGTTAGCGTTGTTCGGAATTACTGGGCGTAAAGCGCACGTAGGCGGATTAGTAAGTTAGAGGTGAAATCCCAGGGCTCAACCCTGGAACTGCCTTTAATACTGCTAGTCTTGAGTTCGAGAGAGGTAAGTGGAATTCCGAGTGTAGAGGTGAAATTCGTAGATATTCGGAGGAACACCAGTGGCGAAGGCGGCTTACTGGCTCGATACTGACGCTGAGGTGCGAAAGTGTGGGGAGCAAACA	Planktomarina	genus	Bacteria	Proteobacteria	Alphaproteobacteria	Rhodobacterales	Rhodobacteraceae	Planktomarina	""	""	""	1	2023-06-27	SBDI-GTDB-R07-RS207-1 (https://scilifelab.figshare.com/articles/dataset/SBDI_Sativa_curated_16S_GTDB_database/14869077/4)	Ampliseq v2.5.0 (https://nf-co.re/ampliseq) DADA2:assignTaxonomy	https://docs.biodiversitydata.se/analyse-data/molecular-tools/#taxonomy-annotation	Domain = 'Bacteria'	1.9e-45	9.8e-08		3.5e-100	barrnap:0.9
cb8818c331eb97f13778cef034bb3af0	TGGGGAATCTTGCACAATGGGCGAAAGCCTGATGCAGCGATGCCGCGTGAGTGAAGAAGGCCTTTGGGTTGTAAAGCTCTTTTGTCGGGAAAGATAATGACTGTACCCGAAGAATAAGGTCCGGCTAACTTCGTGCCAGCAGCCGCGGTAATACGAAGGGACCTAGCGTAGTTCGGAATTACTGGGCGTAAAGAGTATGTAGGCGGCTAGATAAGTTAATTGTGAAAGCCCAAAGCTTAACTTTGGAATTGCAATTAAAACTATTTAGCTGGAGTATGATAGAGGAAAGCGGAATACATAGTGTAGAGGTGAAATTCGTAGATATTATGTAGAACACCAGTTGCGAAGGCGGCTTTCTGGATCATTACTGACGCTGAGATACGAAAGTATGGGTAGCGAAGA	IMCC9063 sp000750175	species	Bacteria	Proteobacteria	Alphaproteobacteria	Pelagibacterales	Pelagibacteraceae	IMCC9063	sp000750175	""	""	0.96	2023-06-27	SBDI-GTDB-R07-RS207-1 (https://scilifelab.figshare.com/articles/dataset/SBDI_Sativa_curated_16S_GTDB_database/14869077/4)	Ampliseq v2.5.0 (https://nf-co.re/ampliseq) DADA2:assignTaxonomy:addSpecies	https://docs.biodiversitydata.se/analyse-data/molecular-tools/#taxonomy-annotation	Domain = 'Bacteria'	6.7e-39	1.1e-11		1.3e-97	barrnap:0.9
53964bef6e413d0037100ef13b369504	TCGAGAATCTTCGGCAATGGGCGAAAGCCTGACCGAGCGATGCCGCGTGCGGGATGAAGGCCCTCGGGTTGTAAACCGCTGTCAACGAGGAGGAAGTGCAAGGGGGTTCTCCCTTTTGTTTGACCTATTCGAGAAGGAAGTACGGGCTAAGTTCGTGCCAGCAGCCGCGGTAAGACGAACCGTACAAACGTTATTCGGAATTATTGGGCTTAAAGGGTGCGTAGGCTGCGCGGAAAGTTGGGTGTGAAAGCCCTCGGCTCAACCGAGGAATTGCGCCCAAAACTACCGTGCTCGAGGGAGACAGAGGTGAGCGGAACTCAAGGTGGAGCGGTGAAATGCGTTGATATCTTGAGGAACACCGGTGGCGAAAGCGGCTCACTGGGTCTCTTCTGACGCTGAGGCACGAAAGCCAAGGTAGCAAACG	M30B53 sp018401745	species	Bacteria	Planctomycetota	Planctomycetia	Pirellulales	UBA1268	M30B53	sp018401745	""	""	0.97	2023-06-27	SBDI-GTDB-R07-RS207-1 (https://scilifelab.figshare.com/articles/dataset/SBDI_Sativa_curated_16S_GTDB_database/14869077/4)	Ampliseq v2.5.0 (https://nf-co.re/ampliseq) DADA2:assignTaxonomy	https://docs.biodiversitydata.se/analyse-data/molecular-tools/#taxonomy-annotation	Domain = 'Bacteria'	1.4e-43	1.1e-07		3.3e-90	barrnap:0.9
766533668513f1de8efb46206dd0e235	TGGGGAATTTTCCGCAATGGGCGAAAGCCTGACGGAGCAACGCCGCGTGAGGGATGAAGGCCTCTGGGCTGTAAACCTCTTTTATCAAGGAAGAAGATCTGACGGTACTTGATGAATAAGCCACGGCTAATTCCGTGCCAGCAGCCGCGGTAATACGGGAGTGGCAAGCGTTATCCGGAATTATTGGGCGTAAAGCGTCCGCAGGCGGCCCAACAAGTCTGCTGTTAAAAAGTGGAGCTTAACTCCATCATGGCAGTGGAAACTGTTGGGCTAGAGTGTGGTAGGGGCAGAGGGAATTCCCGGTGTAGCGGTGAAATGCGTAGATATCGGGAAGAACACCAGTGGCGAAGGCGCTCTGCTGGGCCATCACTGACGCTCATGGACGAAAGCCAGGGGAGCGAAAG	Synechococcus_C sp014279835	species	Bacteria	Cyanobacteria	Cyanobacteriia	PCC-6307	Cyanobiaceae	Synechococcus_C	sp014279835	""	""	0.6	2023-06-27	SBDI-GTDB-R07-RS207-1 (https://scilifelab.figshare.com/articles/dataset/SBDI_Sativa_curated_16S_GTDB_database/14869077/4)	Ampliseq v2.5.0 (https://nf-co.re/ampliseq) DADA2:assignTaxonomy:addSpecies	https://docs.biodiversitydata.se/analyse-data/molecular-tools/#taxonomy-annotation	Domain = 'Bacteria'	9.2e-51	4.8e-08		1.6e-98	barrnap:0.9
cac37e39df2461953f24398212940edf	TGAGGAATATTGGACAATGGGCGAGAGCCTGATCCAGCCATGCCGCGTGCAGGAAGACTGCCCTATGGGTTGTAAACTGCTTTTATACAGGAAGAATAAGCCTTACGTGTAAGGTGATGACGGTACTGTAAGAATAAGGACCGGCTAACTCCGTGCCAGCAGCCGCGGTAATACGGAGGGTCCGAGCGTTATCCGGAATTATTGGGTTTAAAGGGTCCGTAGGCGGATGATTAAGTCAGGGGTGAAAGTTTGCAGCTCAACTGTAAAATTGCCTTTGATACTGGTCATCTTGAGTTGTATTGAAGTAGGCGGAATATGTAGTGTAGCGGTGAAATGCATAGATATTACATAGAACACCAATTGCGAAGGCAGCTTACTAAGTACTAACTGACGCTGATGGACGAAAGCGTGGGTAGCGAACA	MAG-120531 sp000173115	species	Bacteria	Bacteroidota	Bacteroidia	Flavobacteriales	Flavobacteriaceae	MAG-120531	sp000173115	""	""	0.83	2023-06-27	SBDI-GTDB-R07-RS207-1 (https://scilifelab.figshare.com/articles/dataset/SBDI_Sativa_curated_16S_GTDB_database/14869077/4)	Ampliseq v2.5.0 (https://nf-co.re/ampliseq) DADA2:assignTaxonomy:addSpecies	https://docs.biodiversitydata.se/analyse-data/molecular-tools/#taxonomy-annotation	Domain = 'Bacteria'	5.8e-38	3.3e-10		9.5e-94	barrnap:0.9
73ec397d035244c7734fc7513050637d	TGGGGAATCTTGTGCAATGGACGAAAGTCTGACACAGCCACGCCGCGTGCGGGAAGAAGGCCTTCGGGTTGTAAACCGCTTTCAGCAGGAACGAAAATGACGGTACCTGCAGAAGAAGGAGCGGCCAACTACGTGCCAGCAGCCGCGGTGACACGTAGGCTCCAAGCGTTGTCCGGATTTATTGGGCGTAAAGAGCTCGTAGGCGGTTCAGCAAGTCGGGTGTGAAAACTCTGGGCTCAACCCAGAGCCTGCACCCGAAACTGCTGTGACTAGAGTTCGGTAGGGGAGTGGGGAATTCCTAGTGTAGCGGTGAAATGCGCAGATATTAGGAGGAACACCGATGGCGAAGGCACCACTCTGGGCCGAAACTGACGCTGAGGAGCGAAAGCGTGGGTAGCAAACA	UBA2093 sp903929185	species	Bacteria	Actinobacteriota	Acidimicrobiia	Acidimicrobiales	Ilumatobacteraceae	UBA2093	sp903929185	""	""	1	2023-06-27	SBDI-GTDB-R07-RS207-1 (https://scilifelab.figshare.com/articles/dataset/SBDI_Sativa_curated_16S_GTDB_database/14869077/4)	Ampliseq v2.5.0 (https://nf-co.re/ampliseq) DADA2:assignTaxonomy:addSpecies	https://docs.biodiversitydata.se/analyse-data/molecular-tools/#taxonomy-annotation	Domain = 'Bacteria'	2.1e-44			8.4e-97	barrnap:0.9
d3a2fb3b65e96a6017a70182466040d8	TAGGGAATATTGGGCAATGGTCGCAAGACTGACCCAGCCATGCCGCGTGCAGGAAGACGGCCCTCTGGGTTGTAAACTGCTTTTATCTGGGAAGAAAAAGTCCATGCGTGGAAAATTGCCGGTACCAGATGAATAAGCACCGGCTAACTCCGTGCCAGCAGCCGCGGTAATACGGAGGGTGCAAGCGTTGTCCGGATTTATTGGGTTTAAAGGGTGCGTAGGCGGCTGAATAAGTCAGCGGTGAAAGACTTCGGCTTAACCGGAGCAGTGCCGTTGATACTGTTTAGCTTGAGTGTTGGAGGGGTACATGGAATTGATGGTGTAGCGGTGAAATGCATAGATACCATCAGGAACACCGATAGCGAAGGCATTGTACTGGCCAACAACTGACGCTGAGGCACGAAAGTGTGGGGATCGAACA	Algoriphagus	genus	Bacteria	Bacteroidota	Bacteroidia	Cytophagales	Cyclobacteriaceae	Algoriphagus	""	""	""	1	2023-06-27	SBDI-GTDB-R07-RS207-1 (https://scilifelab.figshare.com/articles/dataset/SBDI_Sativa_curated_16S_GTDB_database/14869077/4)	Ampliseq v2.5.0 (https://nf-co.re/ampliseq) DADA2:assignTaxonomy	https://docs.biodiversitydata.se/analyse-data/molecular-tools/#taxonomy-annotation	Domain = 'Bacteria'	2.2e-41	1.1e-07		5.3e-98	barrnap:0.9
7208feb3afd481ebd51c04bb97e20644	TGGGGAATCTTAGACAATGGGCGCAAGCCTGATCTAGCCATGCCGCGTGAGCGATGAAGGCCTTAGGGTTGTAAAGCTCTTTCAGTGGGGAAGATAATGACGGTACCCACAGAAGAAGCCCCGGCTAACTCCGTGCCAGCAGCCGCGGTAATACGGAGGGGGCTAGCGTTGTTCGGAATTACTGGGCGTAAAGCGCGCGTAGGCGGATTGGAAAGTTGGAGGTGAAATCCCAGGGCTCAACCTTGGAACTGCCTTCAAAACTTCCAGTCTGGAGTTCGAGAGAGGTGAGTGGAATTCCGAGTGTAGAGGTGAAATTCGTAGATATTCGGAGGAACACCAGTGGCGAAGGCGGCTCACTGGCTCGATACTGACGCTGAGGTGCGAAAGCGTGGGGAGCAAACA	Rhodobacteraceae	family	Bacteria	Proteobacteria	Alphaproteobacteria	Rhodobacterales	Rhodobacteraceae	""	""	""	""	1	2023-06-27	SBDI-GTDB-R07-RS207-1 (https://scilifelab.figshare.com/articles/dataset/SBDI_Sativa_curated_16S_GTDB_database/14869077/4)	Ampliseq v2.5.0 (https://nf-co.re/ampliseq) DADA2:assignTaxonomy	https://docs.biodiversitydata.se/analyse-data/molecular-tools/#taxonomy-annotation	Domain = 'Bacteria'	6.8e-46	2.5e-07		7.9e-104	barrnap:0.9
3451a03945f809e8f5d5a86e2d914717	TGAGGAATATTGGGCAATGGAGGCAACTCTGACCCAGCTATGCCGCGTGCAGGAAGACGGCCCTCTGGGTTGTAAACTGCTTTTGTTTGGGAATAAACCCTCCTACGTGTAGGAGGCTGAAGGTACCTTACGAATAAGCATCGGCTAACTCCGTGCCAGCAGCCGCGGTAATACGGAGGATGCAAGCGTTATCCGGATTTATTGGGTTTAAAGGGTCCGTAGGCGGATCTTTAAGTCAGTGGTGAAAGCCCACAGCTCAACTGTGGAACTGCCATTGATACTGGAGATCTTGAGTGTAGTAGAAGTAGGCGGAATAGGGCATGTAGCGGTGAAATGCATAGATATGCCCTAGAACACCGATTGCGAAGGCAGCTTACTATGTTACAACTGACGCTGAGGGACGAAAGCGTGGGGAGCAAACA	TMED14 sp016868755	species	Bacteria	Bacteroidota	Bacteroidia	Flavobacteriales	Schleiferiaceae	TMED14	sp016868755	""	""	1	2023-06-27	SBDI-GTDB-R07-RS207-1 (https://scilifelab.figshare.com/articles/dataset/SBDI_Sativa_curated_16S_GTDB_database/14869077/4)	Ampliseq v2.5.0 (https://nf-co.re/ampliseq) DADA2:assignTaxonomy	https://docs.biodiversitydata.se/analyse-data/molecular-tools/#taxonomy-annotation	Domain = 'Bacteria'	1.7e-40	6.8e-08		3e-96	barrnap:0.9
f7600dd883bbcd817ee6cc47d0f7ee56	TGAGGAATATTGGACAATGGGCGCAAGCCTGATCCAGCCATGCCGCGTGCAGGAAGACGGTCCTATGGATTGTAAACTGCTTTTATACAGGAAGAAACAACTCTACGTGTAGAGTCTTGACGGTACTGTAGGAATAAGGATCGGCTAACTCCGTGCCAGCAGCCGCGGTAATACGGAGGATCCAAGCGTTATCCGGAATCATTGGGTTTAAAGGGTCCGTAGGCGGTCTTATAAGTCAGTGGTGAAATCTCCTAGCTCAACTAGGAAACTGCCATTGATACTGTAAGACTTGAATTTTTGTGAAGTAACTAGAATATGTAGTGTAGCGGTGAAATGCTTAGATATTACATGGAATACCAATTGCGAAGGCAGGTTACTAACAAACGATTGACGCTGATGGACGAAAGCGTGGGGAGCGAACA	Flavobacterium	genus	Bacteria	Bacteroidota	Bacteroidia	Flavobacteriales	Flavobacteriaceae	Flavobacterium	""	""	""	1	2023-06-27	SBDI-GTDB-R07-RS207-1 (https://scilifelab.figshare.com/articles/dataset/SBDI_Sativa_curated_16S_GTDB_database/14869077/4)	Ampliseq v2.5.0 (https://nf-co.re/ampliseq) DADA2:assignTaxonomy	https://docs.biodiversitydata.se/analyse-data/molecular-tools/#taxonomy-annotation	Domain = 'Bacteria'	2.9e-39			2.8e-92	barrnap:0.9
eddec92462c6800adb4026d680198cb7	TGGGGAATTTTCCGCAATGGGCGAAAGCCTGACGGAGCAACGCCGCGTGAGGGATGAAGGCCTCTGGGCTGTAAACCTCTTTTATCAAGGAAGAAGATCTGACGGTACTTGATGAATAAGCCACGGCTAATTCCGTGCCAGCAGCCGCGGTAATACGGGAGTGGCAAGCGTTATCCGGAATTATTGGGCGTAAAGCGTCCGCAGGCGGCCCTTCAAGTCTGCTGTTAAAAAGTGGAGCTTAACTCCATCATGGCAGTGGAAACTGAGGGGCTTGAGTGTGGTAGGGGCAGAGGGAATTCCCGGTGTAGCGGTGAAATGCGTAGATATCGGGAAGAACACCAGTGGCGAAGGCGCTCTGCTGGGCCATCACTGACGCTCATGGACGAAAGCCAGGGGAGCGAAAG	Synechococcus_E	genus	Bacteria	Cyanobacteria	Cyanobacteriia	PCC-6307	Cyanobiaceae	Synechococcus_E	""	""	""	0.96	2023-06-27	SBDI-GTDB-R07-RS207-1 (https://scilifelab.figshare.com/articles/dataset/SBDI_Sativa_curated_16S_GTDB_database/14869077/4)	Ampliseq v2.5.0 (https://nf-co.re/ampliseq) DADA2:assignTaxonomy	https://docs.biodiversitydata.se/analyse-data/molecular-tools/#taxonomy-annotation	Domain = 'Bacteria'	1.7e-50			1.7e-98	barrnap:0.9
55060bfb51dc35530beac964e48e44bd	TCGAGGATTTTTCTCAATGGGGGCAACCCTGAAGGAGCGACGCCGCGTGGAGGATGAAGGGCTTCGGCTCGTAAACTCCTGTCACCGACGAACAAGGCATCCGGATTAATAAATCGGATGCTTGATGGTAGTCGGAGAGGAAGGGGCGGCTAACTCTGTGCCAGCAGCCGCGGTGATACAGAGGCCCCAAGCGTTGTTCGGATTTACTGGGCGTAAAGGGTGTGTAGGGGGTCGGGTAAGTTTGACGTGAAATCCCGTTGCTCAACAACGGAACTGCGTCGAATACTGCTCGGCTGGAGGTTCGGAGATGAGGGCGGAATTCTCGGTGTAGCGGTGAAATGCGTAGATATCGAGAGGAACGCCGACGGCGAAAGCAGCCCTCAAGACGAAATCTGACCCTGAAACACGAAGGCCAGGGGAGCAAACG	UBA3015 sp001438005	species	Bacteria	Verrucomicrobiota	Verrucomicrobiae	Methylacidiphilales	UBA3015	UBA3015	sp001438005	""	""	1	2023-06-27	SBDI-GTDB-R07-RS207-1 (https://scilifelab.figshare.com/articles/dataset/SBDI_Sativa_curated_16S_GTDB_database/14869077/4)	Ampliseq v2.5.0 (https://nf-co.re/ampliseq) DADA2:assignTaxonomy:addSpecies	https://docs.biodiversitydata.se/analyse-data/molecular-tools/#taxonomy-annotation	Domain = 'Bacteria'	2.9e-39	1.7e-09		1.4e-87	barrnap:0.9
9ac1d376f84dff0b4a0b11b609620bfa	TGGGGAATCTTAGACAATGGGCGCAAGCCTGATCTAGCCATGCCGCGTGAGTGATGAAGGCCTTAGGGTCGTAAAGCTCTTTCGCCTGTGATGATAATGACAGTAGCAGGTAAAGAAACCCCGGCTAACTCCGTGCCAGCAGCCGCGGTAATACGGAGGGGGTTAGCGTTGTTCGGAATTACTGGGCGTAAAGCGCACGTAGGCGGATTGGAAAGTTGGGGGTGAAATCCCGGGGCTCAACCCCGGAACTGCCTCCAAAACTATCAGTCTAGAGTTCGAGAGAGGTGAGTGGAATTCCAAGTGTAGAGGTGAAATTCGTAGATATTTGGAGGAACACCAGTGGCGAAGGCGGCTCACTGGCTCGATACTGACGCTGAGGTGCGAAAGTGTGGGGAGCAAACA	LGRT01	genus	Bacteria	Proteobacteria	Alphaproteobacteria	Rhodobacterales	Rhodobacteraceae	LGRT01	""	""	""	0.97	2023-06-27	SBDI-GTDB-R07-RS207-1 (https://scilifelab.figshare.com/articles/dataset/SBDI_Sativa_curated_16S_GTDB_database/14869077/4)	Ampliseq v2.5.0 (https://nf-co.re/ampliseq) DADA2:assignTaxonomy	https://docs.biodiversitydata.se/analyse-data/molecular-tools/#taxonomy-annotation	Domain = 'Bacteria'	1.8e-44			1.9e-99	barrnap:0.9
aaf363d33b413559f355276afbb79f37	TGGGGAATCTTAGACAATGGGCGCAAGCCTGATCTAGCCATGCCGCGTGATCGATGAAGGCCTTAGGGTTGTAAAGATCTTTCAGTTGGGAAGATAATGACGGTACCAACAGAAGAAGCCCCGGCTAACTCCGTGCCAGCAGCCGCGGTAATACGGAGGGGGCTAGCGTTATTCGGAATTACTGGGCGTAAAGCGCACGTAGGCGGATTAGAAAGTCAGAGGTGAAATCCCAGGGCTCAACCTTGGAACTGCCTTTGAAACTTCTAGTCTTGAGTTCGAGAGAGGTGAGTGGAATTCCGAGTGTAGAGGTGAAATTCGTAGATATTCGGAGGAACACCAGTGGCGAAGGCGGCTCACTGGCTCGATACTGACGCTGAGGTGCGAAAGCGTGGGGAGCAAACA	UBA10365 sp003536295	species	Bacteria	Proteobacteria	Alphaproteobacteria	Rhodobacterales	Rhodobacteraceae	UBA10365	sp003536295	""	""	0.94	2023-06-27	SBDI-GTDB-R07-RS207-1 (https://scilifelab.figshare.com/articles/dataset/SBDI_Sativa_curated_16S_GTDB_database/14869077/4)	Ampliseq v2.5.0 (https://nf-co.re/ampliseq) DADA2:assignTaxonomy:addSpecies	https://docs.biodiversitydata.se/analyse-data/molecular-tools/#taxonomy-annotation	Domain = 'Bacteria'	1.6e-47			1e-103	barrnap:0.9
19b76dc633050df9ec212f0995316cbd	TGGGGAATTTTGGACAATGGGCGAAAGCCTGATCCAGCAATGCCGCGTGTGCGAAGAAGGCCTTCGGGTTGTAAAGCACTTTTGTCAGGAAAGAAATTGTTCGGGCCAATACCCCGAGCCGTTGACGGTACCTGAAGAATAAGCACCGGCTAACTACGTGCCAGCAGCCGCGGTAATACGTAGGGTGCGAGCGTTAATCGGAATTACTGGGCGTAAAGCGTGCGCAGGCGGTTTGTTAAGACAGTTGTGAAATCCCCGGGCTCAACCTGGGAACTGCAATTGTGACTGGCAGGCTAGAGTTTGGCAGAGGGGGGTGGAATTCCTGGTGTAGCAGTGAAATGCGTAGATATCAGGAGGAACACCGATGGCGAAGGCAGCCCCCTGGGCCATGACTGACGCTCATGCACGAAAGCGTGGGGAGCAAACA	UBA2463 sp018402635	species	Bacteria	Proteobacteria	Gammaproteobacteria	Burkholderiales	Burkholderiaceae	UBA2463	sp018402635	""	""	1	2023-06-27	SBDI-GTDB-R07-RS207-1 (https://scilifelab.figshare.com/articles/dataset/SBDI_Sativa_curated_16S_GTDB_database/14869077/4)	Ampliseq v2.5.0 (https://nf-co.re/ampliseq) DADA2:assignTaxonomy:addSpecies	https://docs.biodiversitydata.se/analyse-data/molecular-tools/#taxonomy-annotation	Domain = 'Bacteria'	1.2e-42			2.7e-105	barrnap:0.9
3170f6094605a579e6a0e1fefd33a2a5	TGGGGAATCTTAGACAATGGGCGCAAGCCTGATCTAGCCATGCCGCGTGAGTGACGAAGGCCTTAGGGTCGTAAAGCTCTTTCGCCAGAGATGATAATGACAGTATCTGGTAAAGAAACCCCGGCTAACTCCGTGCCAGCAGCCGCGGTAATACGGAGGGGGTTAGCGTTGTTCGGAATTACTGGGCGTAAAGCGCACGTAGGCGGATTGGAAAGTATGGGGTGAAATCCCAGGGCTCAACCCTGGAACGGCCTTGTAAACTCCCAGTCTAGAGTTCGAGAGAGGTGAGTGGAATTCCAAGTGTAGAGGTGAAATTCGTAGATATTTGGAGGAACACCAGTGGCGAAGGCGGCTCACTGGCTCGATACTGACGCTGAGGTGCGAAAGTGTGGGGAGCAAACA	Yoonia	genus	Bacteria	Proteobacteria	Alphaproteobacteria	Rhodobacterales	Rhodobacteraceae	Yoonia	""	""	""	1	2023-06-27	SBDI-GTDB-R07-RS207-1 (https://scilifelab.figshare.com/articles/dataset/SBDI_Sativa_curated_16S_GTDB_database/14869077/4)	Ampliseq v2.5.0 (https://nf-co.re/ampliseq) DADA2:assignTaxonomy	https://docs.biodiversitydata.se/analyse-data/molecular-tools/#taxonomy-annotation	Domain = 'Bacteria'	4.2e-44	3.5e-07		3.7e-99	barrnap:0.9
21bf8c2fc46ed6c2534c698b98cc683b	TGGGGAATTTTGGACAATGGGCGCAAGCCTGATCCAGCCATGCCGCGTGCAGGATGAAGGCCTTCGGGTTGTAAACTGCTTTTGTACGGAACGAAAAGGTTTGGCCTAATAAGCTGGACCCATGACGGTACCGTAAGAATAAGCACCGGCTAACTACGTGCCAGCAGCCGCGGTAATACGTAGGGTGCGAGCGTTAATCGGAATTACTGGGCGTAAAGCGTGCGCAGGCGGTTATGTAAGACAGATGTGAAATCCCCGGGCTCAACCTGGGAACTGCATTAGTGACTGCATAGCTGGAGTACGGCAGAGGGGGATGGAATTCCGCGTGTAGCAGTGAAATGCGTAGATATGCGGAGGAACACCGATGGCGAAGGCAATCCCCTGGGCCTGTACTGACGCTCATGCACGAAAGCGTGGGGAGCAAACA	Curvibacter gracilis	species	Bacteria	Proteobacteria	Gammaproteobacteria	Burkholderiales	Burkholderiaceae	Curvibacter	gracilis	""	""	0.88	2023-06-27	SBDI-GTDB-R07-RS207-1 (https://scilifelab.figshare.com/articles/dataset/SBDI_Sativa_curated_16S_GTDB_database/14869077/4)	Ampliseq v2.5.0 (https://nf-co.re/ampliseq) DADA2:assignTaxonomy	https://docs.biodiversitydata.se/analyse-data/molecular-tools/#taxonomy-annotation	Domain = 'Bacteria'	3.3e-41	3.4e-09		3.2e-102	barrnap:0.9
cc87cf7731ae4eb54c4d6a8169d4598e	TGGGGAATCTTGCGCAATGGGCGAAAGCCTGACGCAGCAACGCCGCGTGCGGGATGAAGGCCTTCGGGCTGTAAACCGCTTTCAGCAGGAACGAAAATGACGGTACCTGCAGAAGAAGGAGCGGCCAACTACGTGCCAGCAGCCGCGGTGACACGTAGGCTCCAAGCGTTGTCCGGATTTATTGGGCGTAAAGAGCTCGTAGGCGGTTTAGTAAGTCGGGTGTGAAAACTCTGGGCTTAACCCGGAGACGCCATCCGATACTGCTATGACTTGAGTTCAGGAGGGGAGCGGGGAATTCCTAGTGTAGCGGTGAAATGCGCAGATATTAGGAGGAACACCGGTGGCGAAGGCGCCGCTCTGGACTGAAACTGACGCTGAGGAGCGAAAGCATGGGTAGCAAACA	UBA3006 sp002367695	species	Bacteria	Actinobacteriota	Acidimicrobiia	Acidimicrobiales	Ilumatobacteraceae	UBA3006	sp002367695	""	""	1	2023-06-27	SBDI-GTDB-R07-RS207-1 (https://scilifelab.figshare.com/articles/dataset/SBDI_Sativa_curated_16S_GTDB_database/14869077/4)	Ampliseq v2.5.0 (https://nf-co.re/ampliseq) DADA2:assignTaxonomy	https://docs.biodiversitydata.se/analyse-data/molecular-tools/#taxonomy-annotation	Domain = 'Bacteria'	1.3e-45			8.9e-98	barrnap:0.9
0aa4663de19d33cbaec31569d47cf191	TGAGGAATATTGGTCAATGGGCGCAAGCCTGAACCAGCCATGCCGCGTGCAGGAAGAATGCCCTATGGGTTGTAAACTGCTTTTATTTGGGAATAAACCTCTTTACGTGTAGAGAGCTGAAGGTACCAAATGAATAAGCACCGGCTAACTCCGTGCCAGCAGCCGCGGTAATACGGAGGGTGCAAGCGTTATCCGGAATCATTGGGTTTAAAGGGTCCGCAGGCGGATTTATAAGTCAGTGGTGAAATCCTATCGCTTAACGATAGAACTGCCATTGATACTGTAAGTCTTGAATTCGGTCGGAGTGGGCGGAATGTGTAGTGTAGCGGTGAAATGCATAGATATTACACAGAACACCGATAGCGAAGGCAGCTCACTAGGCCTGAATTGACGCTCAGGGACGAAAGCGTGGGGATCAAACA	UBA952 sp016872115	species	Bacteria	Bacteroidota	Bacteroidia	Flavobacteriales	Crocinitomicaceae	UBA952	sp016872115	""	""	0.67	2023-06-27	SBDI-GTDB-R07-RS207-1 (https://scilifelab.figshare.com/articles/dataset/SBDI_Sativa_curated_16S_GTDB_database/14869077/4)	Ampliseq v2.5.0 (https://nf-co.re/ampliseq) DADA2:assignTaxonomy	https://docs.biodiversitydata.se/analyse-data/molecular-tools/#taxonomy-annotation	Domain = 'Bacteria'	5.3e-42	1.3e-07		3.3e-95	barrnap:0.9
ac4107604c179f2f8414333885255725	TGGGGAATTTTCCGCAATGGGCGAAAGCCTGACGGAGCAATACCGCGTGAGGGAGGAAGGCTCTTGGGTTGTAAACCTCTTTTCTCAGGGAAGAACAGAATGACGGTACCTGAGGAATAAGCATCGGCTAACTCCGTGCCAGCAGCCGCGGTAATACGGAGGATGCAAGCGTTATCCGGAATGATTGGGCGTAAAGGGTCCGCAGGTGGCATTGTAAGTCTGCTGTTAAAGAGTTTGGCTCAACCAAATAAGAGCAGTGGAAACTACAAAGCTAGAGTGTGGTCGGGGCAGAGGGAATTCCTGGTGTAGCGGTGAAATGCGTAGATATCAGGAAGAACACCAGTGGCGAAGGCGCTCTGCTAGGCCGAGACTGACACTGAGGGACGAAAGCTAGGGGAGCGAATG	Dolichospermum flosaquae	species	Bacteria	Cyanobacteria	Cyanobacteriia	Cyanobacteriales	Nostocaceae	Dolichospermum	flosaquae	""	""	0.96	2023-06-27	SBDI-GTDB-R07-RS207-1 (https://scilifelab.figshare.com/articles/dataset/SBDI_Sativa_curated_16S_GTDB_database/14869077/4)	Ampliseq v2.5.0 (https://nf-co.re/ampliseq) DADA2:assignTaxonomy:addSpecies	https://docs.biodiversitydata.se/analyse-data/molecular-tools/#taxonomy-annotation	Domain = 'Bacteria'	1.2e-48	3.3e-08		7.7e-99	barrnap:0.9
380d81417892576cb8aa4c50e92e5e1d	TGAGGAATATTGGGCAATGGAGGCAACTCTGACCCAGCCATGCCGCGTGCAGGAATAAGGTCCTATGGATTGTAAACTGCTTTTATACAGGAAGAAACACTCGGACGTGTCCGAGCTTGACGGTACTGTATGAATAAGCACCGGCTAACTCCGTGCCAGCAGCCGCGGTAATACGGAGGGTGCAAGCGTTATCCGGAATCATTGGGTTTAAAGGGTCCGCAGGCGGTCAATTAAGTCAGAGGTGAAATCCCATCGCTTAACGATGGAACTGCCTTTGATACTGGTTGACTTGAGTCATATGGAAGTAGATAGAATGTGTAGTGTAGCGGTGAAATGCATAGATATTACACAGAATACCGATTGCGAAGGCAGTCTACTACGTATGTACTGACGCTCATGGACGAAAGCGTGGGGAGCGAACA	Polaribacter	genus	Bacteria	Bacteroidota	Bacteroidia	Flavobacteriales	Flavobacteriaceae	Polaribacter	""	""	""	0.98	2023-06-27	SBDI-GTDB-R07-RS207-1 (https://scilifelab.figshare.com/articles/dataset/SBDI_Sativa_curated_16S_GTDB_database/14869077/4)	Ampliseq v2.5.0 (https://nf-co.re/ampliseq) DADA2:assignTaxonomy	https://docs.biodiversitydata.se/analyse-data/molecular-tools/#taxonomy-annotation	Domain = 'Bacteria'	7.6e-37	2.6e-08		1.3e-92	barrnap:0.9
b15dce65a0a29efb0bcfadedd72ede3c	TGGGGAATATTGGGCAATGGAGGGAACTCTGACCCAGCGACGCCGCGTGCGGGATGAAGGCCTTCGGGTTGTAAACCGCTTTCAGCAAGGAAGAAGCGAAAGTGACGGTACTTGCAGAAGAAGCACCGGCTAACTATGTGCCAGCAGCCGCGGTAATACATAGGGTGCAAGCGTTGTCCGGAATTATTGGGCGTAAAGAGCTCGTAGGTGGTTCGTCACGTCGGATGTGAAAATCTGGGGCTTAACCCCAGACCTGCATTCGATACGGGCGAGCTAGAGTGTGGTAGGGGAGACTGGAATTCCTGGTGTAGCGGTGGAATGCGCAGATATCAGGAGGAACACCAATGGCGAAGGCAGGTCTCTGGGCCATTACTGACACTGAGGAGCGAAAGCGTGGGGAGCGAACA	Planktophila	genus	Bacteria	Actinobacteriota	Actinomycetia	Nanopelagicales	Nanopelagicaceae	Planktophila	""	""	""	1	2023-06-27	SBDI-GTDB-R07-RS207-1 (https://scilifelab.figshare.com/articles/dataset/SBDI_Sativa_curated_16S_GTDB_database/14869077/4)	Ampliseq v2.5.0 (https://nf-co.re/ampliseq) DADA2:assignTaxonomy	https://docs.biodiversitydata.se/analyse-data/molecular-tools/#taxonomy-annotation	Domain = 'Bacteria'	4.3e-40			5.5e-100	barrnap:0.9
5d12a2cd51bf17060f60270529c5722e	TGGGGAATATTGGACAATGGGCGCAAGCCTGATCCAGCCATGCCGCGTGTGTGAAGAAGGCTCTAGGGTTGTAAAGCACTTTCAGTAGGGAGGAAGGCCAGAGTGTTAATAGCGCTTTGGATTGACGTTACCTACAGAAGCAGCACCGGCTAACTCCGTGCCAGCAGCCGCGGTAATACGGAGGGTGCAAGCGTTAATCGGAATTACTGGGCGTAAAGCGCGCGTAGGCGGTTTGTTAAGTGTGATGTGAAAGCCCAGGGCTCAACCTTGGAACTGCATCACATACTGGCAAGCTAGAGTACGGTAGAGGGGGGTAGAATTCCATGTGTAGCGGTGAAATGCGTAGAGATGTGGAGGAATACCAGTGGCGAAGGCGGCCCCCTGGATCGATACTGACGCTGAGGTGCGAAAGCGTGGGGAGCAAACA	UBA9145 sp001438145	species	Bacteria	Proteobacteria	Gammaproteobacteria	Pseudomonadales	Pseudohongiellaceae	UBA9145	sp001438145	""	""	1	2023-06-27	SBDI-GTDB-R07-RS207-1 (https://scilifelab.figshare.com/articles/dataset/SBDI_Sativa_curated_16S_GTDB_database/14869077/4)	Ampliseq v2.5.0 (https://nf-co.re/ampliseq) DADA2:assignTaxonomy:addSpecies	https://docs.biodiversitydata.se/analyse-data/molecular-tools/#taxonomy-annotation	Domain = 'Bacteria'	7.7e-41			1.9e-102	barrnap:0.9
ff9f5d078bc5ba693575630c8cdaef70	TGGGGAATTTTGGACAATGGGCGCAAGCCTGATCCAGCAATGCCGCGTGAGTGAAGAAGGCCTTCGGGTTGTAAAGCTCTTTTGTCAGGGAAGAAACGGTGAGAGCTAATATCTTTTGCTAATGACGGTACCTGAAGAATAAGCACCGGCTAACTACGTGCCAGCAGCCGCGGTAATACGTAGGGTGCAAGCGTTAATCGGAATTACTGGGCGTAAAGCGTGCGCAGGCGGTTATGTAAGACAGATGTGAAATGCCCGGGCTTAACCTGGGAACTGCATTTGTGACTGCATGGCTAGAGTGTGTCAGAGGGGGGTAGAATTCCACGTGTAGCAGTGAAATGCGTAGATATGTGGAGGAATACCGATGGCGAAGGCAGCCCCCTGGGATAACACTGACGCTCATGCACGAAAGCGTGGGGAGCAAACA	Herbaspirillum sp004134995	species	Bacteria	Proteobacteria	Gammaproteobacteria	Burkholderiales	Burkholderiaceae	Herbaspirillum	sp004134995	""	""	0.71	2023-06-27	SBDI-GTDB-R07-RS207-1 (https://scilifelab.figshare.com/articles/dataset/SBDI_Sativa_curated_16S_GTDB_database/14869077/4)	Ampliseq v2.5.0 (https://nf-co.re/ampliseq) DADA2:assignTaxonomy	https://docs.biodiversitydata.se/analyse-data/molecular-tools/#taxonomy-annotation	Domain = 'Bacteria'	5.1e-38			1.8e-103	barrnap:0.9
272f79649c2702bec9ff272552ffffcf	TGGGGAATTTTCCGCAATGGGCGAAAGCCTGACGGAGCAACGCCGCGTGAGGGATGAAGGCCTCTGGGCTGTAAACCTCTTTTATCAAGGAAGAAGATCTGACGGTACTTGATGAATAAGCCACGGCTAATTCCGTGCCAGCAGCCGCGGTAATACGGGAGTGGCAAGCGTTATCCGGAATTATTGGGCGTAAAGCGTCCGCAGGCGGTCTTGTAAGTCTGTCGTTAAAGCGTGGAGCTTAACTCCATTTCGGCGGTGGAAACTACAAGACTAGAGTGTGGTAGGGGCAGAGGGAATTCCCGGTGTAGCGGTGAAATGCGTAGATATCGGGAAGAACACCAGTGGCGAAGGCGCTCTGCTGGGCCATAACTGACGCTCATGGACGAAAGCCAGGGGAGCGAAAG	Cyanobium_A	genus	Bacteria	Cyanobacteria	Cyanobacteriia	PCC-6307	Cyanobiaceae	Cyanobium_A	""	""	""	0.65	2023-06-27	SBDI-GTDB-R07-RS207-1 (https://scilifelab.figshare.com/articles/dataset/SBDI_Sativa_curated_16S_GTDB_database/14869077/4)	Ampliseq v2.5.0 (https://nf-co.re/ampliseq) DADA2:assignTaxonomy	https://docs.biodiversitydata.se/analyse-data/molecular-tools/#taxonomy-annotation	Domain = 'Bacteria'	4.8e-52	4.7e-08		3.4e-99	barrnap:0.9
7c11f640776d5482ec95173ca61de908	TGGGGAATATTGCGCAATGGGCGAAAGCCTGACGCAGCAACGCCGCGTGAGGGATGACGGCCTTCGGGTTGTAAACCTCTTTCAGCAGGGAAGAAGCGAGAGTGACGGTACCTGCAGAAGAAGCACCGGCTAACTACGTGCCAGCAGCCGCGGTAATACGTAGGGTGCAAGCGTTGTCCGGATTTATTGGGCGTAAAGAGCTCGTAGGCGGTTAGTCGCGTCGGATGTGAAATCCTAGAGCTTAACTCTGGGCCTGCATTCGATACGGGCTGACTCGAGTATTGTAGGGGAGACTGGAACTCCTGGTGTAGCGGTGAAATGCGCAGATATCAGGAAGAACACCGGTGGCGAAGGCGGGTCTCTGGGCAATTACTGACGCTGAGGAGCGAAAGCGTGGGGAGCAAACA	S36-B12	family	Bacteria	Actinobacteriota	Actinomycetia	Nanopelagicales	S36-B12	""	""	""	""	0.99	2023-06-27	SBDI-GTDB-R07-RS207-1 (https://scilifelab.figshare.com/articles/dataset/SBDI_Sativa_curated_16S_GTDB_database/14869077/4)	Ampliseq v2.5.0 (https://nf-co.re/ampliseq) DADA2:assignTaxonomy	https://docs.biodiversitydata.se/analyse-data/molecular-tools/#taxonomy-annotation	Domain = 'Bacteria'	1.3e-42			1.3e-104	barrnap:0.9
bfbb41fc686730dd0f3e13df27759598	TGGGGAATCTTAGACAATGGGGGAAACCCTGATCTAGCCATGCCGCGTGAGTGACGAAGGCCTTAGGGTCGTAAAGCTCTTTCACCAGGGATGATAATGACAGTACCTGGAGAAGAAACCCCGGCTAACTCCGTGCCAGCAGCCGCGGTAATACGGAGGGGGTTAGCGTTGTTCGGAATTACTGGGCGTAAAGCGCACGTAGGCGGATTAGTCAGTCAGAGGTGAAATCCCAGGGCTCAACCTTGGAACTGCCTTTGATACTGCTAGTCTTGAGTTCGAGAGAGGTGAGTGGAATTCCGAGTGTAGAGGTGAAATTCGTAGATATTCGGAGGAACACCAGTGGCGAAGGCGGCTCACTGGCTCGATACTGACGCTGAGGTGCGAAAGCGTGGGGAGCAAACA	Roseicyclus sp015689735	species	Bacteria	Proteobacteria	Alphaproteobacteria	Rhodobacterales	Rhodobacteraceae	Roseicyclus	sp015689735	""	""	0.98	2023-06-27	SBDI-GTDB-R07-RS207-1 (https://scilifelab.figshare.com/articles/dataset/SBDI_Sativa_curated_16S_GTDB_database/14869077/4)	Ampliseq v2.5.0 (https://nf-co.re/ampliseq) DADA2:assignTaxonomy	https://docs.biodiversitydata.se/analyse-data/molecular-tools/#taxonomy-annotation	Domain = 'Bacteria'	5.1e-47			1e-101	barrnap:0.9
1505e5de35661b77871b454a575c128a	TCGAGAATAATTCACAATGGGGGCAACCCTGATGGTGCAACGCCGCGTGGAGGATGACGGTCTTCGGATTGTAAACTCCTGTCATCTGGGAGAAAGACCTGGCCGTTAATAGCGGACAGGGTTGATAGTACCAGAAGAGGAAGGGACGGCTAACTTCGTGCCAGCAGCCGCGGTAATACGAAGGTCCCAAGCGTTGTTCGGAATCACTGGGCGTAAAGGGAGCGTAGGCGGCGCGGTAAGTCAGATGTGAAATCCCGGGGCTCAACCCCGGAACTGCATCCGATACTGCCGTGCTTGAGCAATGGAGAGGTAGCTGGAATTATCGGTGTAGCAGTGAAATGCGTAGATATCGATAGGAACACTCGTGGCGAAAGCGAGCTACTGGACATTTGCTGACGCTGAGGCTCGAAGGCTAGGGGAGCGAAAG	Luteolibacter sp018402445	species	Bacteria	Verrucomicrobiota	Verrucomicrobiae	Verrucomicrobiales	Akkermansiaceae	Luteolibacter	sp018402445	""	""	1	2023-06-27	SBDI-GTDB-R07-RS207-1 (https://scilifelab.figshare.com/articles/dataset/SBDI_Sativa_curated_16S_GTDB_database/14869077/4)	Ampliseq v2.5.0 (https://nf-co.re/ampliseq) DADA2:assignTaxonomy	https://docs.biodiversitydata.se/analyse-data/molecular-tools/#taxonomy-annotation	Domain = 'Bacteria'	1.5e-41			5.3e-95	barrnap:0.9
1424204d0b3becbb64ef0b61abb46473	TGGGGAATTTTCCGCAATGGGCGCAAGCCTGACGGAGCAACGCCGCGTGAGGGACGAAGGCCTCTGGGCTGTAAACCTCTTTTCTCAAGGAAGAAGACATGACGGTACTTGAGGAATAAGCCACGGCTAATTCCGTGCCAGCAGCCGCGGTAATACGGGAGTGGCAAGCGTTATCCGGAATTATTGGGCGTAAAGCGTCCGCAGGCGGCCCAGCAAGTCTGTTGTTAAAAAGTGGAGCTCAACTCCATCCAGGCAATGGAAACTGCTGGGCTAGAGTGTGGTAGGGGCAGAGGGAATTCCCGGTGTAGCGGTGAAATGCGTAGATATCGGGAAGAACACCAGTGGCGAAGGCGCTCTGCTGGGCCATAACTGACGCTCATGGACGAAAGCCAGGGGAGCGAAAG	MW101C3 sp002252635	species	Bacteria	Cyanobacteria	Cyanobacteriia	PCC-6307	Cyanobiaceae	MW101C3	sp002252635	""	""	0.68	2023-06-27	SBDI-GTDB-R07-RS207-1 (https://scilifelab.figshare.com/articles/dataset/SBDI_Sativa_curated_16S_GTDB_database/14869077/4)	Ampliseq v2.5.0 (https://nf-co.re/ampliseq) DADA2:assignTaxonomy	https://docs.biodiversitydata.se/analyse-data/molecular-tools/#taxonomy-annotation	Domain = 'Bacteria'	6e-51			2.9e-97	barrnap:0.9
a7e194b4ea4b1df360fce3d3770d58ee	TGGGGAATCTTGCGCAATGGGCGAAAGCCTGACGCAGCAACGCCGCGTGCGGGAAGAAGGCCTTAGGGTTGTAAACCGCTTTCAGCAGGGAAGAAAATGACTGTACCTGCAGAAGAAGGTGCGGCCAACTACGTGCCAGCAGCCGCGGTGACACGTAGGCACCAAGCGTTGTCCGGATTTATTGGGCGTAAAGAGCTCGTAGGCTGTTCAGTTAGTTGGGTGTGAAAACTCCGGGCTTAACCCGGAGCCGCCACCCAATACTGCTGTGACTAGAGTTCGGTAGGGGAGCGGGGAATTCCTAGTGTAGCGGTGAAATGCGCAGATATTAGGAGGAACACCGGTGGCGAAGGCGCCGCTCTGGGCCGAAACTGACGCTGAGGAGCGAAAGCATGGGTAGCAAACA	Ilumatobacteraceae	family	Bacteria	Actinobacteriota	Acidimicrobiia	Acidimicrobiales	Ilumatobacteraceae	""	""	""	""	1	2023-06-27	SBDI-GTDB-R07-RS207-1 (https://scilifelab.figshare.com/articles/dataset/SBDI_Sativa_curated_16S_GTDB_database/14869077/4)	Ampliseq v2.5.0 (https://nf-co.re/ampliseq) DADA2:assignTaxonomy	https://docs.biodiversitydata.se/analyse-data/molecular-tools/#taxonomy-annotation	Domain = 'Bacteria'	3.7e-43			1.8e-95	barrnap:0.9
c750452151a7570b94c64f9fcb207d33	TGAGGAATATTGGTCAATGGGCGCAAGCCTGAACCAGCCATGCCGCGTGCAGGAAGAATGCCCTATGGGTTGTAAACTGCTTTTATTTAGGAATAAACCTTTCTACGTGTAGAAAGCTGAAGGTACTGAATGAATAAGCACCGGCTAACTCCGTGCCAGCAGCCGCGGTAATACGGAGGGTGCAAGCGTTATCCGGAATCATTGGGTTTAAAGGGTCCGCAGGCGGGCGTATAAGTCAGTGGTGAAATCCTGCAGCTTAACTGCAGAACTGCCATTGATACTGTACGTCTTGAATTCGGTCGAAGTGGGCGGAATGTGTAGTGTAGCGGTGAAATGCATAGATATTACACAGAACACCGATAGCGAAGGCAGCTCACTAGGCCTGGATTGACGCTCAGGGACGAAAGCGTGGGGATCAAACA	UBA952 sp009926125	species	Bacteria	Bacteroidota	Bacteroidia	Flavobacteriales	Crocinitomicaceae	UBA952	sp009926125	""	""	1	2023-06-27	SBDI-GTDB-R07-RS207-1 (https://scilifelab.figshare.com/articles/dataset/SBDI_Sativa_curated_16S_GTDB_database/14869077/4)	Ampliseq v2.5.0 (https://nf-co.re/ampliseq) DADA2:assignTaxonomy:addSpecies	https://docs.biodiversitydata.se/analyse-data/molecular-tools/#taxonomy-annotation	Domain = 'Bacteria'	6.1e-43	7.4e-08		9.7e-94	barrnap:0.9
93185103563e99d5dbd1111548078ed7	TGGGGAATTTTGGACAATGGGCGAAAGCCTGATCCAGCCATTCCGCGTGCAGGATGAAGGCCCTCGGGTTGTAAACTGCTTTTGTACAGAACGAAAAGGTTTCTATTAATACTAGGAGCTCATGACGGTACTGTAAGAATAAGCACCGGCTAACTACGTGCCAGCAGCCGCGGTAATACGTAGGGTGCAAGCGTTAATCGGAATTACTGGGCGTAAAGCGTGCGCAGGCGGTTATATAAGTCAGATGTGAAATCCCCGGGCTCAACCTGGGAACTGCATTTGAGACTGTATAGCTAGAGTACGGTAGAGGGGGATGGAATTCCGCGTGTAGCAGTGAAATGCGTAGATATGCGGAGGAACACCGATGGCGAAGGCAATCCCCTGGACCTGTACTGACGCTCATGCACGAAAGCGTGGGGAGCAAACA	Burkholderiales	order	Bacteria	Proteobacteria	Gammaproteobacteria	Burkholderiales	""	""	""	""	""	1	2023-06-27	SBDI-GTDB-R07-RS207-1 (https://scilifelab.figshare.com/articles/dataset/SBDI_Sativa_curated_16S_GTDB_database/14869077/4)	Ampliseq v2.5.0 (https://nf-co.re/ampliseq) DADA2:assignTaxonomy	https://docs.biodiversitydata.se/analyse-data/molecular-tools/#taxonomy-annotation	Domain = 'Bacteria'	2.1e-43	7.7e-10		1e-102	barrnap:0.9
56fa1dafeb007219a436225686b03582	TCGAGGATTTTTCTCAATGGGGGCAACCCTGAAGGAGCGACGCCGCGTGGAGGATGAAGGGCTTCGGCTCGTAAACTCCTGTCACCGACGAACAAGGCATTCGGATTAATAAATCGGATGCTTGATGGTAGTCGGAGAGGAAGGGGCGGCTAACTCTGTGCCAGCAGCCGCGGTGATACAGAGGCCCCAAGCGTTGTTCGGATTTACTGGGCGTAAAGGGTGTGTAGGGGGTTGGGTAAGTTTGACGTGAAATCCCGTTGCTCAACAACGGAACTGCGTCGAATACTGCTCAGCTGGAGGTTCGGAGATGAGGGCGGAATTCTCGGTGTAGCGGTGAAATGCGTAGATATCGAGAGGAACGCCGATGGCGAAAGCAGCCCTCAAGACGAAATCTGACCCTGAAACACGAAGGCCAGGGGAGCAAACG	UBA3015 sp001438005	species	Bacteria	Verrucomicrobiota	Verrucomicrobiae	Methylacidiphilales	UBA3015	UBA3015	sp001438005	""	""	0.99	2023-06-27	SBDI-GTDB-R07-RS207-1 (https://scilifelab.figshare.com/articles/dataset/SBDI_Sativa_curated_16S_GTDB_database/14869077/4)	Ampliseq v2.5.0 (https://nf-co.re/ampliseq) DADA2:assignTaxonomy	https://docs.biodiversitydata.se/analyse-data/molecular-tools/#taxonomy-annotation	Domain = 'Bacteria'	1.1e-39	9.8e-10		1.6e-88	barrnap:0.9
458a614d9f091f772f92f51236d1105a	TGAGGAATATTGGTCAATGGGCGCAAGCCTGAACCAGCCATGCCGCGTGCAGGAAGACGGTCCTATGGATTGTAAACTGCTTTTATACAGGAAGAAACCCTCCCACGTGTGGGAGATTGACGGTACTGTAGGAATAAGGATCGGCTAACTCCGTGCCAGCAGCCGCGGTAATACGGAGGATCCAAGCGTTATCCGGAATCATTGGGTTTAAAGGGTCCGTAGGCGGTCTTATAAGTCAGTGGTGAAATCCCATCGCTCAACGATGGAACTGCCATTGATACTGTAAGACTTGAATACTTAGGAAGTAACTAGAATATGTAGTGTAGCGGTGAAATGCTTAGATATTACATGGAATACCAATTGCGAAGGCAGGTTACTACTAAGTGATTGACGCTGATGGACGAAAGCGTGGGGAGCGAACA	Flavobacterium	genus	Bacteria	Bacteroidota	Bacteroidia	Flavobacteriales	Flavobacteriaceae	Flavobacterium	""	""	""	1	2023-06-27	SBDI-GTDB-R07-RS207-1 (https://scilifelab.figshare.com/articles/dataset/SBDI_Sativa_curated_16S_GTDB_database/14869077/4)	Ampliseq v2.5.0 (https://nf-co.re/ampliseq) DADA2:assignTaxonomy	https://docs.biodiversitydata.se/analyse-data/molecular-tools/#taxonomy-annotation	Domain = 'Bacteria'	4e-39	7.6e-10		1.2e-91	barrnap:0.9
0872ee96003e931447bfbda18e048d00	TGGGGAATATTGGGCAATGGAGGAAACTCTGACCCAGCGACGCCGCGTGAGGGATGAAGGCCTTCGGGTTGTAAACCTCTTTCAGTAGGGAAGAAGCGAAAGTGACGGTACCTACAGAAGAAGCACCGGCTAACTATGTGCCAGCAGCCGCGGTAATACATAGGGTGCAAGCGTTGTCCGGAATTATTGGGCGTAAAGAGCTCGTAGGTGGTTCGATACGTCGGATGTGAAAATCAGGGGCTCAACCCCTGACCTGCATCCGATACGGTCGAGCTAGAGTTTGGTAGGGGAGACTGGAATTCCTGGTGTAGCGGTGGAATGCGCAGATATCAGGAGGAACACCGATGGCGAAGGCAGGTCTCTGGGCCAATACTGACACTGAGGAGCGAAAGCGTGGGGAGCGAACA	Planktophila	genus	Bacteria	Actinobacteriota	Actinomycetia	Nanopelagicales	Nanopelagicaceae	Planktophila	""	""	""	1	2023-06-27	SBDI-GTDB-R07-RS207-1 (https://scilifelab.figshare.com/articles/dataset/SBDI_Sativa_curated_16S_GTDB_database/14869077/4)	Ampliseq v2.5.0 (https://nf-co.re/ampliseq) DADA2:assignTaxonomy	https://docs.biodiversitydata.se/analyse-data/molecular-tools/#taxonomy-annotation	Domain = 'Bacteria'	9.3e-41			1.1e-101	barrnap:0.9
a1efbe23ef4d87a1d5684ac3e92d2bce	TGGGGAATATTGCGCAATGGGCGAAAGCCTGACGCAGCCATGCCGCGTGTGTGAAGAAGGCCTTCGGGTTGTAAAGCACTTTCAATTGGGAGGAAAGGTTCACGGTTAATAACCGTGAGCTGTGACGTTACCTTTAGAAGAAGCACCGGCTAACTCCGTGCCAGCAGCCGCGGTAATACGGAGGGTGCGAGCGTTAATCGGAATTACTGGGCGTAAAGCGCGCGTAGGTGGTCTGTTAAGTCGGATGTGAAAGCCCCGGGCTCAACCTGGGAACTGCATTCGATACTGGCAGACTAGAGTGCGAGAGAGGGAGGTAGAATTCCATGTGTAGCGGTGAAATGCGTAGATATGTGGAGGAATACCAGTGGCGAAGGCGGCCTCCTGGCTCGACACTGACACTGAGGTGCGAAAGCGTGGGGAGCAAACA	Luminiphilus sp902623175	species	Bacteria	Proteobacteria	Gammaproteobacteria	Pseudomonadales	Halieaceae	Luminiphilus	sp902623175	""	""	0.54	2023-06-27	SBDI-GTDB-R07-RS207-1 (https://scilifelab.figshare.com/articles/dataset/SBDI_Sativa_curated_16S_GTDB_database/14869077/4)	Ampliseq v2.5.0 (https://nf-co.re/ampliseq) DADA2:assignTaxonomy	https://docs.biodiversitydata.se/analyse-data/molecular-tools/#taxonomy-annotation	Domain = 'Bacteria'	8.3e-45	2.2e-08		4.1e-105	barrnap:0.9
fa45c880cabbeb9cc516c65edb6a81af	TGGGGAATCTTGCGCAATGGGCGAAAGCCTGACGCAGCAACGCCGCGTGCGGGATGAAGGCCTTCGGGTTGTAAACCGCTTTTAACAGGAACGAAAATGACGGTACCTGTAGAATAAGGTGCGGCCAACTACGTGCCAGCAGCCGCGGTGACACGTAGGCACCAAGCGTTGTCCGGATTTATTGGGCGTAAAGAGCTCGTAGGCGGTTCAGTAAGTCGGGTGTGAAAACTCTGGGCTTAACCCAGAGACGCCACTCGATACTACTGTGACTAGAGTTCGGTAGGGGAGCGGGGAATTCCTAGTGTAGCGGTGAAATGCGCAGATATTAGGAGGAACACCGGTGGCGAAGGCGCCGCTCTGGGCCGATACTGACGCTGAGGAGCGAAAGCGTGGGTAGCAAACA	Casp-actino8 sp016871395	species	Bacteria	Actinobacteriota	Acidimicrobiia	Acidimicrobiales	Ilumatobacteraceae	Casp-actino8	sp016871395	""	""	0.61	2023-06-27	SBDI-GTDB-R07-RS207-1 (https://scilifelab.figshare.com/articles/dataset/SBDI_Sativa_curated_16S_GTDB_database/14869077/4)	Ampliseq v2.5.0 (https://nf-co.re/ampliseq) DADA2:assignTaxonomy	https://docs.biodiversitydata.se/analyse-data/molecular-tools/#taxonomy-annotation	Domain = 'Bacteria'	9.7e-46			3.2e-98	barrnap:0.9
d7a78db14cbb0629842daa8b8f45be2c	TGGGGAATATTGGGCAATGGAGGAAACTCTGACCCAGCGACGCCGCGTGAGGGATGAAGGCCTTCGGGTTGTAAACCTCTTTCAGTAGGGAAGAAGCGAAAGTGACGGTACCTACAGAAGAAGCACCGGCTAACTATGTGCCAGCAGCCGCGGTAATACATAGGGTGCAAGCGTTGTCCGGAATTATTGGGCGTAAAGAGCTCGTAGGTGGTTCGATACGTCGGATGTGAAAATCAGGGGCTCAACCCCTGACCTGCATCCGATACGGTCGAGCTGGAGTTTGGTAGGGGAGACTGGAATTCCTGGTGTAGCGGTGGAATGCGCAGATATCAGGAGGAACACCGATGGCGAAGGCAGGTCTCTGGGCCAATACTGACACTGAGGAGCGAAAGCGTGGGGAGCGAACA	Planktophila	genus	Bacteria	Actinobacteriota	Actinomycetia	Nanopelagicales	Nanopelagicaceae	Planktophila	""	""	""	1	2023-06-27	SBDI-GTDB-R07-RS207-1 (https://scilifelab.figshare.com/articles/dataset/SBDI_Sativa_curated_16S_GTDB_database/14869077/4)	Ampliseq v2.5.0 (https://nf-co.re/ampliseq) DADA2:assignTaxonomy	https://docs.biodiversitydata.se/analyse-data/molecular-tools/#taxonomy-annotation	Domain = 'Bacteria'	2.4e-40			1.9e-101	barrnap:0.9
