asv_id_alias	asv_sequence	scientificName	taxonRank	kingdom	phylum	class	order	family	genus	specificEpithet	infraspecificEpithet	otu	annotation_confidence	date_identified	reference_db	annotation_algorithm	identification_references	taxon_remarks	mito_eval	arc_eval	euk_eval	bac_eval	eval_method
919a2aa9d306e4cf3fa9ca02a2aa5730	TCGAGAATTTTTCACAATGGGGGAAACCCTGATGGAGCGACGCCGCGTGGAGGATGAAGGTTTTCGGATTGTAAACTCCTGTCATTAGAGAACAAGGCACATGGTTTAACTGGCCGTGTGTTGATAGTATCTGAAGAGGAAGGGACGGCTAACTCTGTGCCAGCAGCCGCGGTAATACAGAGGTCTCAAGCGTTGTTCGGATTCATTGGGCGTAAAGGGTGCGTAGGTGGCGAGGTAAGTCGGATGTGAAATCTCCAAGCTCAACTTGGAAACTGCATTCGATACTGCTTTGCTAGAGGATTGTAGAGGGCATTGGAATTCACGGTGTAGCAGTGAAATGCGTAGATATCGTGAGGAAGACCAGTGGCGAAGGCGAATGCCTGGGCAATTCCTGACACTGAGGCACGAAGGCCAGGGGAGCAAACG	JACTMZ01 sp018402585	species	Bacteria	Verrucomicrobiota	Verrucomicrobiae	Chthoniobacterales	JACTMZ01	JACTMZ01	sp018402585			0.95	2023-06-28	SBDI-GTDB-R07-RS207-1 (https://scilifelab.figshare.com/articles/dataset/SBDI_Sativa_curated_16S_GTDB_database/14869077/4)	Ampliseq v2.5.0 (https://nf-co.re/ampliseq) DADA2:assignTaxonomy	https://docs.biodiversitydata.se/analyse-data/molecular-tools/#taxonomy-annotation	Domain = 'Bacteria'		2.60E-41		2.00E-95	barrnap:0.9
1ead98754d34073a4606f7ff1e94126e	TGGGGAATTTTCCGCAATGGGCGCAAGCCTGACGGAGCAACGCCGCGTGAGGGATGAAGGCCTCTGGGCTGTAAACCTCTTTTATCAAGGAAGAAGATCTGACGGTACTTGATGAATAAGCCACGGCTAATTCCGTGCCAGCAGCCGCGGTAATACGGGAGTGGCAAGCGTTATCCGGAATTATTGGGCGTAAAGCGTCCGCAGGCGGTTTTACAAGTCTGTCGTTAAAACGTGGAGCTCAACTCCATTTCGGCGATGGAAACTGTAAGACTAGAGTGTGGTAGGGGCAGAGGGAATTCCCGGTGTAGCGGTGAAATGCGTAGATATCGGGAAGAACACCAGTGGCGAAGGCGCTCTGCTGGGCCATAACTGACGCTCATGGACGAAAGCTAGGGGAGCGAAAG	Cyanobiaceae	family	Bacteria	Cyanobacteria	Cyanobacteriia	PCC-6307	Cyanobiaceae					1	2023-06-28	SBDI-GTDB-R07-RS207-1 (https://scilifelab.figshare.com/articles/dataset/SBDI_Sativa_curated_16S_GTDB_database/14869077/4)	Ampliseq v2.5.0 (https://nf-co.re/ampliseq) DADA2:assignTaxonomy	https://docs.biodiversitydata.se/analyse-data/molecular-tools/#taxonomy-annotation	Domain = 'Bacteria'		1.30E-49		4.90E-98	barrnap:0.9
43e088977eba5732bfa45e20b1d8cdd2	TCGAGAATTTTTCACAATGGGGGAAACCCTGATGGAGCGACGCCGCGTGGAGGATGAAGGTTTTCGGATCGTAAACTCCTGTCATTAGAGAACAAGGCACACGGTTTAACTGGCTGTGTGTTGATAGTATCTGAAGAGGAAGGGACGGCTAACTCTGTGCCAGCAGCCGCGGTAATACAGAGGTCTCAAGCGTTGTTCGGATTCATTGGGCGTAAAGGGTGCGTAGGTGGCGAGGTAAGTCGGATGTGAAATCTCCAAGCTCAACTTGGAAACTGCATTCGATACTGCTTTGCTAGAGGATTGTAGAGGGCATTGGAATTCACGGTGTAGCAGTGAAATGCGTAGATATCGTGAGGAAGACCAGTGGCGAAGGCGAATGCCTGGGCAATTCCTGACACTGAGGCACGAAGGCCAGGGGAGCAAACG	JACTMZ01 sp018402585	species	Bacteria	Verrucomicrobiota	Verrucomicrobiae	Chthoniobacterales	JACTMZ01	JACTMZ01	sp018402585			0.88	2023-06-28	SBDI-GTDB-R07-RS207-1 (https://scilifelab.figshare.com/articles/dataset/SBDI_Sativa_curated_16S_GTDB_database/14869077/4)	Ampliseq v2.5.0 (https://nf-co.re/ampliseq) DADA2:assignTaxonomy	https://docs.biodiversitydata.se/analyse-data/molecular-tools/#taxonomy-annotation	Domain = 'Bacteria'		2.40E-41		2.90E-95	barrnap:0.9
1b2c41577c16f4c672a2a861e6b89b14	TAGGGAATATTGGGCAATGGGCGAAAGCCTGACCCAGCGACGCCGCGTGAGGGATGAAGGTCTTCGGATTGTAAACCTCTTTCAGTAGGGAAGAAGCGAAAGTGACGGTACCTAAAGAAGAAGCACCGGCTAACTATGTGCCAGCAGCCGCGGTAATACATAGGGTGCAAGCGTTGTCCGGAATTATTGGGCGTAAAGAGCTCGTAGGTCGTTTGTCGCGTCGATTGTGAAAATCTGAGGCTCAACCTCAGACCTGCAGTCGATACGGGCAAACTAGAGTGTGGTAGGGGAGACTGGAATTCCTGGTGTAGCGGTGGAATGCGCAGATATCAGGAGGAACACCAATGGCGAAGGCAGGTCTCTGGGCCATAACTGACACTGAGGAGCGAAAGTGCGGGGAGCGAACA	MAG-120802 sp003569145	species	Bacteria	Actinobacteriota	Actinomycetia	Nanopelagicales	Nanopelagicaceae	MAG-120802	sp003569145			0.84	2023-06-28	SBDI-GTDB-R07-RS207-1 (https://scilifelab.figshare.com/articles/dataset/SBDI_Sativa_curated_16S_GTDB_database/14869077/4)	Ampliseq v2.5.0 (https://nf-co.re/ampliseq) DADA2:assignTaxonomy:addSpecies	https://docs.biodiversitydata.se/analyse-data/molecular-tools/#taxonomy-annotation	Domain = 'Bacteria'		1.00E-37		4.40E-99	barrnap:0.9
40b37890b1b1fcdf0ece91f1da34c1ca	TGGGGAATTTTCCGCAATGGGCGCAAGCCTGACGGAGCAACGCCGCGTGAGGGATGAAGGCCTCTGGGCTGTAAACCTCTTTTATCAAGGAAGAAGATCTGACGGTACTTGATGAATAAGCCACGGCTAATTCCGTGCCAGCAGCCGCGGTAATACGGGAGTGGCAAGCGTTATCCGGAATTATTGGGCGTAAAGCGTCCGCAGGCGGTCTTGAAAGTCTGTTGTTAAAGCGTGGAGCTCAACTCCATTTCAGCAATGGAAACTAGAAGACTAGAGTGTGGTAGGGGCAGAGGGAATTCCCGGTGTAGCGGTGAAATGCGTAGATATCGGGAAGAACACCAGTGGCGAAGGCGCTCTGCTGGGCCATAACTGACGCTCATGGACGAAAGCCAGGGGAGCGAAAG	Cyanobium_A sp015840335	species	Bacteria	Cyanobacteria	Cyanobacteriia	PCC-6307	Cyanobiaceae	Cyanobium_A	sp015840335			0.96	2023-06-28	SBDI-GTDB-R07-RS207-1 (https://scilifelab.figshare.com/articles/dataset/SBDI_Sativa_curated_16S_GTDB_database/14869077/4)	Ampliseq v2.5.0 (https://nf-co.re/ampliseq) DADA2:assignTaxonomy:addSpecies	https://docs.biodiversitydata.se/analyse-data/molecular-tools/#taxonomy-annotation	Domain = 'Bacteria'		5.20E-49		3.60E-97	barrnap:0.9
ae71bf7c99d3583a2d8841e5911c5716	TGGGGAATATTGGGCAATGGAGGAAACTCTGACCCAGCGACGCCGCGTGCGGGATGAAGGCCTTCGGGTTGTAAACCGCTTTCAGTAGGGAAGAAGCGAAAGTGACGGTACCTACAAAAGAAGCACCGGCTAACTATGTGCCAGCAGCCGCGGTAATACATAGGGTGCAAGCGTTGTCCGGAATTATTGGGCGTAAAGAGCTCGTAGGTCGTTTGTTACGTCGGATGTGAAAACCTGAGGCTCAACCTCAGGCCTGCATTCGATACGGGCAAACTAGAGTTTGGTAGGGGAGACTGGAATTCCTGGTGTAGCGGTGGAATGCGCAGATATCAGGAGGAACACCAATGGCGAAGGCAGGTCTCTGGGCCAATACTGACACTGAGGAGCGAAAGTCTGGGGAGCGAACA	Nanopelagicus	genus	Bacteria	Actinobacteriota	Actinomycetia	Nanopelagicales	Nanopelagicaceae	Nanopelagicus				1	2023-06-28	SBDI-GTDB-R07-RS207-1 (https://scilifelab.figshare.com/articles/dataset/SBDI_Sativa_curated_16S_GTDB_database/14869077/4)	Ampliseq v2.5.0 (https://nf-co.re/ampliseq) DADA2:assignTaxonomy	https://docs.biodiversitydata.se/analyse-data/molecular-tools/#taxonomy-annotation	Domain = 'Bacteria'		1.50E-38		5.50E-99	barrnap:0.9
887bc7033b46d960e893caceb711700b	TGGGGAATCTTGCGCAATGGGCGAAAGCCTGACGCAGCAACGCCGCGTGCGGGAAGAAGGCTTTCGGGCTGTAAACCGCTTTCAGCAGGAACGAAAATGACGGTACCTGCAGAAGAAGGAGCGGCCAACTATGTGCCAGCAGCCGCGGTGATACATAGGCTTCAAGCGTTGTCCGGATTTATTGGGCGTAAAGAGTTCGTAGGCGGTCGAGTAAGTCGGGTGTGAAAATTCTGGGCTCAACCCAGAGACGCCACCCGATACTGCTTAACTTGAGTTCGATAGGGGAGTGGGGAATTCCTAGTGTAGCGGTGAAATGCGCAGATATTAGGAGGAACACCGGTGGCGAAGGCGCCACTCTGGATCGACACTGACGCTGAGGAACGAAAGCATGGGTAGCAAACA	BACL27 sp014190055	species	Bacteria	Actinobacteriota	Acidimicrobiia	Acidimicrobiales	Ilumatobacteraceae	BACL27	sp014190055			0.96	2023-06-28	SBDI-GTDB-R07-RS207-1 (https://scilifelab.figshare.com/articles/dataset/SBDI_Sativa_curated_16S_GTDB_database/14869077/4)	Ampliseq v2.5.0 (https://nf-co.re/ampliseq) DADA2:assignTaxonomy:addSpecies	https://docs.biodiversitydata.se/analyse-data/molecular-tools/#taxonomy-annotation	Domain = 'Bacteria'		1.00E-45		2.60E-96	barrnap:0.9
88b5b5240649749ca876d10823045b01	TGGGGAATCTTGCGCAATGGGCGAAAGCCTGACGCAGCAACGCCGCGTGCGGGATGAAGGCCTTCGGGCTGTAAACCGCTTTCAGCAGGAACGAAAATGACGGTACCTGCAGAAGAAGGAGCGGCCAACTACGTGCCAGCAGCCGCGGTGACACGTAGGCTCCAAGCGTTGTCCGGATTTATTGGGCGTAAAGAGCTCGTAGGCGGTTGAGTAAGTCGGGTGTGAAAACTCTGGGCTTAACCCGGAGACGCCATCCGATACTGCTCTGACTAGAGTTCAGGAGGGGAGTGGGGAATTCCTAGTGTAGCGGTGAAATGCGCAGATATTAGGAGGAACACCGGTGGCGAAGGCGCCACTCTGGACTGAAACTGACGCTGAGGAGCGAAAGCATGGGTAGCAAACA	UBA3006 sp002367695	species	Bacteria	Actinobacteriota	Acidimicrobiia	Acidimicrobiales	Ilumatobacteraceae	UBA3006	sp002367695			0.93	2023-06-28	SBDI-GTDB-R07-RS207-1 (https://scilifelab.figshare.com/articles/dataset/SBDI_Sativa_curated_16S_GTDB_database/14869077/4)	Ampliseq v2.5.0 (https://nf-co.re/ampliseq) DADA2:assignTaxonomy	https://docs.biodiversitydata.se/analyse-data/molecular-tools/#taxonomy-annotation	Domain = 'Bacteria'		1.20E-43		1.40E-95	barrnap:0.9
95efad17b5fb6b91274a6ef3c47a098a	TGGGGAATTTTCCGCAATGGGCGCAAGCCTGACGGAGCAACGCCGCGTGAGGGATGAAGGCCTCTGGGCTGTAAACCTCTTTTATCAAGGAAGAAGATCTGACGGTACTTGATGAATAAGCCACGGCTAATTCCGTGCCAGCAGCCGCGGTAATACGGGAGTGGCAAGCGTTATCCGGAATTATTGGGCGTAAAGCGTCCGCAGGCGGTTTTACAAGTCTGTCGTTAAAACGTGGAGCTCAACTCCATTTCGGCGATGGAAACTGTAAGACTAGAGTGTGGTAGGGGCAGAGGGAATTCCCGGTGTAGCGGTGAAATGCGTAGATATCGGGAAGAACACCAGTGGCGAAGGCGCTCTGCTGGGCCATAACTGACGCTCATGGACGAAAGCCAGGGGAGCGAAAG	Cyanobiaceae	family	Bacteria	Cyanobacteria	Cyanobacteriia	PCC-6307	Cyanobiaceae					1	2023-06-28	SBDI-GTDB-R07-RS207-1 (https://scilifelab.figshare.com/articles/dataset/SBDI_Sativa_curated_16S_GTDB_database/14869077/4)	Ampliseq v2.5.0 (https://nf-co.re/ampliseq) DADA2:assignTaxonomy	https://docs.biodiversitydata.se/analyse-data/molecular-tools/#taxonomy-annotation	Domain = 'Bacteria'		1.70E-49		7.80E-98	barrnap:0.9
c366064866eaed18a54d15640272ab34	TGGGGAATATTGGGCAATGGAGGAAACTCTGACCCAGCGACGCCGCGTGCGGGATGAAGGCCTTCGGGTTGTAAACCGCTTTCAGCAGGGAAGAAGCGAAAGTGACGGTACCTGCAGAAGAAGCACCGGCTAACTATGTGCCAGCAGCCGCGGTAATACATAGGGTGCAAGCGTTGTCCGGAATTATTGGGCGTAAAGAGCTCGTAGGTGGTTCGTCACGTCGGATGTGAAACTCTGGGGCTTAACCCCAGACCTGCATTCGATACGGGCGAGCTTGAGTATGGTAGGGGAGTCTGGAATTCCTGGTGTAGCGGTGGAATGCGCAGATATCAGGAGGAACACCAATGGCGAAGGCAGGACTCTGGGCCATTACTGACACTGAGGAGCGAAAGCGTGGGGAGCGAACA	Planktophila sp015660815	species	Bacteria	Actinobacteriota	Actinomycetia	Nanopelagicales	Nanopelagicaceae	Planktophila	sp015660815			0.84	2023-06-28	SBDI-GTDB-R07-RS207-1 (https://scilifelab.figshare.com/articles/dataset/SBDI_Sativa_curated_16S_GTDB_database/14869077/4)	Ampliseq v2.5.0 (https://nf-co.re/ampliseq) DADA2:assignTaxonomy	https://docs.biodiversitydata.se/analyse-data/molecular-tools/#taxonomy-annotation	Domain = 'Bacteria'		2.80E-38		3.80E-99	barrnap:0.9